Site,alpha,beta,alpha=beta,LRT,p-value,Total_branch_length
1,0,0,0,0,1,0
2,1,1.495634431945701,1.433447998298429,-0.1628843132887852,1,40.51164291449376
3,1,4.073497908658885,3.277155348918509,0.08856501356543589,0.7660094318712988,99.66870366838579
4,1,3.410506736218859,6.891922420324034,-0.5982404231167777,1,100.6221619255846
5,1,3.008599482282528,1.518488373740075,-0.6319728329982794,1,121.8492648925758
6,1,1.242286544796618,1.21040533746811,-0.02814437186320617,1,39.33754056406881
7,1,0.2596787789705554,0.5338161500836359,0.6930466523606889,0.4051300305802237,15.60718005529818
8,1,8.100624632063521,19.36457929871612,9.487024435017588e-05,0.9922286189477866,179.0450067284633
9,1,10.39618224935949,0.4064593123180509,-0.3054536929345844,1,384.2476070340041
10,1,0.1984711670628781,0.1165170410627713,-1.037958272266648,1,7.639680639852997
11,1,1.054718988555605,2.826548258533902,1.224649218123201,0.2684501671754971,23.70081108687958
12,1,0.2712758154581491,0.48679516384651,1.306017360566649,0.2531170019217576,29.22142286351385
13,1,1.141603492152194,0.8780186066827959,0.2020514854401725,0.6530700169929575,28.63575075798592
14,1,0.2842271631315371,0.2572598419195548,-1.490935197778775,1,13.38780833999096
15,1,2.89687076399926,1.484745370518883,-0.753721337706942,1,64.57718316034405
16,0,0,0,0,1,0
17,1,1.985752832009056e-14,6.439425202532262,-0.9373290961935012,1,12.27768253939636
18,0,0,0,0,1,0
19,0,0,0,0,1,0
20,0,0,0,0,1,0
21,0,0,0,0,1,0
22,0,0,0,0,1,0
23,0,0,0,0,1,0
24,0,0,0,0,1,0
25,0,0,0,0,1,0
26,0,0,0,0,1,0
27,1,15.45714609152828,9.36350812813417,0.3640566472064624,0.5462618639114304,386.4693913722389
28,1,13.46832177072694,6.329754920884076,-0.04533341024126258,1,367.7748086671685
29,0,0,0,0,1,0
30,0,0,0,0,1,0
31,1,6.817443435182298e-14,8.626562456385582,1.306646149216641,0.2530027873044477,52.34212075275687
32,0,0,0,0,1,0
33,0,0,0,0,1,0
34,0,0,0,0,1,0
35,0,0,0,0,1,0
36,1,0.5089019319838877,0.4486961775306378,-1.423987331873459,1,82.30567276480706
37,1,1.876185876195794,1.346590434242071,-0.2538814310029771,1,44.15660219007324
38,1,0.581635853649225,0.8405595585151446,0.3770336671262484,0.5391950585562226,23.67397546827456
39,1,0.412955244531758,0.6753862895503658,0.5513080681192015,0.4577837103270493,15.85313155513412
40,1,1.743443063911507,1.375433685318373,0.189312247515069,0.6634896453517403,43.1695234884363
41,1,0.1891556951224758,0.4808919732606751,4.139034794319862,0.04190505687372637,15.45152050444928
42,1,4.025291762220253,2.438530224382996,-0.08526856951897344,1,90.75259740584116
43,1,0.1850920575510341,0.9210990280692416,3.746458238057393,0.0529195322596,24.15489446445259
44,1,17.36688975363146,9.101991434641166,1.057744995955815,0.3037300631376304,382.0068157378217
45,1,1.777104004450051,1.820946034306057,-0.5015854921917651,1,113.5766071692594
46,1,0.6989837732371857,0.7784256868935426,0.04502108134920491,0.8319652691509809,30.12627536222551
47,1,1.369372984271616,1.201300706457495,0.07039487482154527,0.790762708402212,35.95749139938197
48,0,0,0,0,1,0
49,0,0,0,0,1,0
50,1,2.092844130076137,1.866319768138176,0.06926683535433398,0.7924072725386695,55.05070454745225
51,1,0.161123622380015,0.1230374712543286,-4.887296984712748,1,18.90645756723491
52,1,4.067587512294755,1.274549834417041,-1.036521027163175,1,88.70521938372832
53,1,1.281831115731691,1.0100992791679,-0.08230778660100668,1,38.17284935424129
54,1,0.6197168559593208,1.124351497817334,0.1912793129851593,0.6618539826534393,21.71239537942159
55,1,0.7801117020093011,0.8116398405003464,0.01031607311937677,0.919099523721789,26.11491440673596
56,1,1.584359904929272,1.559338618893057,-0.3721969658615834,1,40.8667681231406
57,1,1.253552866941788,0.625614718796367,-0.4751715589325318,1,39.91821602441431
58,1,0.5573865064196537,0.5704885516535643,0.003518734213042052,0.9526980920541882,17.18931045697867
59,0,0,0,0,1,0
60,1,534.4420843286931,420.0626271848701,-2.028599510595086e-12,1,11526.05494410888
61,0,0,0,0,1,0
62,1,1.315441526615936,1.418170662921308,-1.160477538164077,1,3501.947149286228
63,1,1.724499852068171,1.733175694099738,-0.006356671769292888,1,48.90339718432337
64,1,1.366555068938056,3.327207666324673,-0.1355941886984482,1,43.7917792073732
65,1,2.921709018245646,3.151709704719788,0.005807579669685481,0.9392540335885475,90.49870513675734
66,1,0.3872199275983915,2.50075430627219,2.359314693942189,0.1245368879590015,34.4097409878595
67,1,13.37959597920014,6.726770802358291,0.6358096297660438,0.425232276924671,309.1124808047561
68,1,2.25174687413551,1.577866215199887,-0.9211921861439372,1,104.1675953722182
69,1,3.361502443258261,2.846567559000272,-0.01020090936369655,1,85.51395090697082
70,1,4.004733053112191e-17,0.1032777017093428,5.466100872953506,0.01938883605235919,23.53888653926878
71,1,22.5691183597854,1.626196540479694,-0.2403386012215911,1,487.3921113915194
72,0,0,0,0,1,0
73,1,0.7652139638731588,0.5604584800810876,-0.4909730518821362,1,29.94361942339982
74,0,0,0,0,1,0
75,0,0,0,0,1,0
76,0,0,0,0,1,0
77,0,0,0,0,1,0
78,0,0,0,0,1,0
79,0,0,0,0,1,0
80,1,27.20051033853224,1.883241979207632,-0.2198124005439617,1,591.0147571077363
81,1,2.058488592123392,1.94498442356559,0.005575382298644627,0.9404784848660854,59.94919923739744
82,1,0.2420772458259287,1.531825835258221,1.4870845829629,0.2226693548330825,21.30212594046231
83,1,0.3147281333912734,0.4371591316828401,-0.1948496042658192,1,19.45181307710319
84,1,1.83090831562961,1.355864366133707,-1.996291946717349,1,43.085120175897
85,1,0.2338754242420682,0.2656544033767543,-0.2044959975328595,1,16.25375165953637
86,1,0.3848302483581676,0.4407871511254225,-2.913247794984102,1,10.49280574762171
87,1,0.5124497210165374,0.6135612442512342,-2.542596669931498,1,14.69219773675279
88,1,0.3892876197537053,0.6897179809796982,4.47797590270352,0.03433436084260744,13.46581375336885
89,1,0.4869652629653557,0.5632170499570573,1.672704415102658,0.1958966916603869,16.20127485589909
90,1,0.4204743880591442,0.468999735921848,0.9233175257888888,0.336605403475555,13.72182137870927
91,1,0.3324986758272088,0.4365014257462593,2.247830350179697,0.1338018880284992,11.04616466525326
92,1,0.3385554617544983,0.392692560992554,0.833447014190881,0.3612776790654761,10.90799938804479
93,1,0.3867432903765354,0.5627937548625017,-4.241798705940766,1,11.58455268479152
94,1,9.555848176237971e-17,0.1709933270736861,28.09706401922011,1.153807647202854e-07,4.653864019082014
95,1,0.2742645688972378,0.3511319037018517,-7.755815260770731,1,7.326491928324015
96,1,0.04409008719007058,0.2444605801519318,25.19543738463614,5.180461075671161e-07,3.854066602899986
97,1,0.03211061948829193,0.1908282233868975,16.81172278918743,4.127752385418848e-05,2.713728551335069
98,1,0.1169475296907617,0.2427416831024442,0.5785027235016287,0.4468998047058734,4.099118840776526
99,1,0.02912615960039369,0.06077554981001014,4.708885321253462,0.03000710216712388,2.635176552772231
100,1,0.04956011229273573,0.05697935914970732,0.1606133968182633,0.6885924041864577,1.570967845330713
101,1,5.114956077737342e-17,0.1903047631207504,-9.49126290521383,1,0.4711747191330516
102,1,0.0808117390343143,0.3329163230779958,-2.323249386953194,1,3.315786015538011
103,1,0.2946973156549257,0.4002536862704675,-0.693908158722877,1,9.105951261824698
104,1,2.509897052099161e-16,0.2327262981735736,39.98047645624155,2.565139212151735e-10,3.30978482427219
105,1,9.555848176237971e-17,0.2188615608429193,19.95188636031438,7.941556502744085e-06,1.924464399269599
106,1,3.17603086687411e-16,0.2442690276313851,26.27139114635989,2.966507044455113e-07,1.809813869409125
107,1,9.555848176237971e-17,0.2639520737269369,32.88920753508538,9.756339514055412e-09,2.019913740776296
108,0,0,0,0,1,0
109,1,0.01444735492519996,0.1395135409747777,22.37989992238788,2.237030009899499e-06,2.494128748835003
110,1,2.731941657024047e-16,0.1652485345533008,22.33560457480712,2.289226297969016e-06,1.153667827525685
111,1,0.3474273022823877,0.427579668538877,-11.48301290974058,1,8.856206606976603
112,1,0.1138218336381705,0.2280573359799805,9.788018726229495,0.001756526226022181,5.989485265782007
113,1,9.555848176237971e-17,0.1561975462868558,25.54288968771989,4.326575058222204e-07,1.885855734956106
114,1,0.08564127622203754,0.1440701838044268,2.097815798183547,0.147509726942468,3.137859689658375
115,1,0.03618872376025099,0.3449501728757214,-8.253212391224992,1,1.971493032484321
116,1,0.04389140480817751,0.1914856055580961,20.94722813827764,4.721104363669681e-06,3.798665392148203
117,1,0.217303343802973,0.3761704475025801,-9.274022596389159,1,6.267994533737529
118,1,0.0504620301307593,0.3057071117613002,24.39849365485836,7.832991708589532e-07,4.198480148446111
119,1,0.1759156582674053,0.4225555184600097,0.5812958724466739,0.4458048281803738,6.320294075632229
120,1,0.441109443286378,0.7178475324191455,-9.611673366468722,1,13.00350471747522
121,1,0.253753090649564,0.5851277670121444,17.39486292384277,3.036455317817488e-05,11.40636822876806
122,1,0.03429881550836369,0.2702188381668802,33.85276660427184,5.944449932293594e-09,5.577952100579983
123,1,9.555848176237971e-17,0.560238525057135,7.638036521275524,0.00571500936371383,2.234498370597999
124,1,0.2518940837009688,0.3881397968182257,7.961570500924211,0.004778093708868614,10.06298915438753
125,1,0.3171290134210979,0.4819681236487766,-0.7608059387026742,1,10.04618179731168
126,1,0.0166416328728928,0.2355929049240874,35.32732323349359,2.786946562416404e-09,4.344254470994536
127,1,0.01794614659581431,0.2028291318381507,18.32503384189074,1.862436595012618e-05,2.335046481857506
128,1,0.08891323795871296,0.2776493935451673,2.246951473552258,0.1338779178452257,3.594002358233186
129,1,4.004733053112191e-17,0.09732410566179557,24.63897675755388,6.913909972317001e-07,2.295943249859772
130,1,0.1438879101709347,0.3537039808886444,-29.62410979318236,1,3.906685350252526
131,1,4.004733053112191e-17,0.1511440384399831,34.38947464118863,4.511564899445375e-09,2.924855181568059
132,1,9.555848176237971e-17,0.1063925365678237,19.51848155638243,9.96310649925558e-06,1.249842941783242
133,1,9.555848176237971e-17,0.1918548823567069,7.988393843952849,0.004707816102968998,0.8797830351774806
134,1,0.3034389709659508,0.4776747511658928,-18.44510008627162,1,8.127933420776246
135,1,0.2883615705422319,0.3974341745541988,3.46954829590095,0.06250837785066643,10.16640616510129
136,1,9.555848176237971e-17,0.336337270963696,42.29467707710052,7.850597949499161e-11,3.286469668383633
137,1,0.126942363611157,0.3148722321815088,10.12840379707202,0.001460017887858878,5.51783036082381
138,1,0.0272751518956571,0.2744710579674022,30.64025578315304,3.105824641913557e-08,3.191736305609829
139,1,0.01609605935395311,0.1758906218791012,22.60729268439184,1.987288373084262e-06,2.616654779432948
140,1,0.8384448106289389,1.047313383332623,-63.27831181739168,1,19.52941219075507
141,1,0.01627710029573816,0.1814304218398787,37.38280397958894,9.707427084393316e-10,9.011358957882077
142,1,0.09692050252806513,0.4564353225711659,-18.39361539205566,1,3.589669906463266
143,1,0.01707294016240763,0.2719664542673372,36.29280358577367,1.697896601093873e-09,4.142416172503936
144,1,0.1718157388147862,0.3070343395768202,2.05011527567018,0.152194665933767,5.952900439326075
145,1,0.08613237773828532,0.2910246888657286,12.36254668502519,0.000438032778585784,4.395748969306076
146,1,0.1830417419027664,0.4062418618910124,-0.8267733630451346,1,6.352503836814392
147,1,0.2034239365151517,0.2510911012942673,2.025892812537109,0.1546380181130631,7.744652769688592
148,1,0.0531224419586644,0.3077952242721686,12.03899167444513,0.0005209914655276426,3.221524155037318
149,1,0.5653418070243575,0.863586057179078,-30.4860639616814,1,14.73268981569452
150,1,0.3655703777197495,0.6368893752622093,11.06282255225204,0.0008807596218881608,15.02203435388234
151,1,0.1230281415567421,0.3405139279580596,20.56124303484179,5.775359270931979e-06,7.918779518807414
152,1,0.4700085049385928,0.8333832912355782,-28.06518530260479,1,12.94808200271109
153,1,0.3902238459547587,0.3916036304563615,-4.82739651507535,1,15.30375296706825
154,0,0,0,0,1,0
155,0,0,0,0,1,0
156,0,0,0,0,1,0
157,0,0,0,0,1,0
158,0,0,0,0,1,0
159,1,0.0618054162641837,0.09002137409601053,1.682101252272332,0.1946454794171391,4.570637712551171
160,1,0.7381406274585822,0.8570458673608838,-78.9909480021463,1,16.65701408342621
161,1,0.3598926624423098,0.5029153912234029,4.769843204082633,0.02896246332107821,14.84555366816308
162,1,0.5024757762407723,0.6346576807068838,-2.084107934015037,1,14.99093445069176
163,1,0.01755590575841659,0.3300094446532597,44.53079981226179,2.503874885206869e-11,5.626587255118691
164,1,0.01589417429768309,0.1201550331974937,19.500337225447,1.005819241539641e-05,3.071561608003522
165,1,0.1323985792822268,0.3702170575257091,-22.22571215781662,1,3.847795809821874
166,1,0.2206322042792244,0.3752722256833425,2.966769236485277,0.0849914360749151,7.817726347209401
167,1,0.0283752353112309,0.1283519285072238,19.39465846961686,1.063039723103731e-05,3.714912253140413
168,1,0.07213239028042101,0.1890352721038294,-0.3366651370490388,1,2.616377824828364
169,1,0.03065690994187972,0.32560101376631,6.319539202262774,0.01194146566501308,2.224065997329412
170,1,0.03508303610433882,0.283953488162801,23.46849001929669,1.269764657640948e-06,3.448774892207173
171,1,0.01455190306472415,0.1114684475132917,19.46050209464845,1.027015819343724e-05,2.661778613491635
172,1,0.03605945697373074,0.2918923487181753,-11.89780413295105,1,1.699115487701131
173,0,0,0,0,1,0
174,1,4.42106668734662e-17,0.1387960213994157,33.96647133522629,5.607000197471734e-09,2.413721345356325
175,1,0.07611220189254735,0.2832394776677106,-7.625878002691877,1,2.788537851523979
176,1,0.334493920112728,0.4979740861528114,-7.86133243221127,1,9.553085529865777
177,1,4.004733053112191e-17,0.122665070910209,34.76654097817644,3.717070873321404e-09,4.117856074198997
178,1,0.04368319080585525,0.1605837298263569,3.702662757644589,0.05432570612172072,1.956052903078907
179,1,0.04971062935776781,0.3858390451144275,-11.28137124967373,1,2.39954820388974
180,1,0.2045165488994899,0.2863707546231959,3.742115942211967,0.05305721624949999,7.599491638695805
181,1,0.01510548516341041,0.2178517596474461,27.5817201531504,1.505952856861725e-07,2.69370146780388
182,1,9.555848176237971e-17,0.1669332777876519,22.47945988783545,2.124027194239098e-06,1.801463603597824
183,1,6.740639792367023e-18,0.1801413172685606,20.13621058623725,7.211830013509335e-06,1.38040759758107
184,1,0.1194313708363584,0.3558953553354425,-9.045793350939789,1,4.064292369240202
185,1,0.1595610930002082,0.4855386380507596,4.336153890190644,0.03731111754784155,6.382744913653387
186,1,0.1902472299300999,0.4412989887218641,9.817227673137381,0.001728847442683312,8.116315693817015
187,1,0.1565691466027309,0.3116045314898432,7.789610781585708,0.005254751450362583,7.024466684677781
188,1,0.07780510437286338,0.1389521548923323,6.610887406785494,0.01013571400265934,4.25402409243102
189,1,0.1279816613962588,0.4873515644351537,-41.29073369803416,1,3.908014747138274
190,1,0.02330503844677201,0.2187408381799096,19.47207252403334,1.020813300833812e-05,4.532418954357243
191,1,0.4200451010105256,0.4742851678406793,-8.182535607538341,1,10.86401819016858
192,1,0.1049961862792075,0.2073163688045004,12.50471303019157,0.0004059266907655568,6.185442621378759
193,1,0.07709224415140412,0.3466365320174711,-1.090401677110037,1,3.376274962219802
194,1,0.2306675325755916,0.4517573293202075,0.5517113741262563,0.4576192696081044,7.839072359921189
195,1,0.0683866295907365,0.2329296457632846,11.91579306927935,0.0005566003667294428,5.209937502503297
196,1,0.2589498561766577,0.3385481318030382,-2.637743799277814,1,7.50850697593234
197,1,0.05230803474028094,0.1540619233765239,12.22975035144552,0.0004703349121866207,3.927168631000558
198,1,0.02283117532742692,0.2105423198333192,6.135395116743581,0.01325019345839618,1.766158996039991
199,1,9.555848176237971e-17,0.2099720833593324,28.50924788458474,9.325201555387963e-08,1.741020255290021
200,1,0.04134862603804105,0.3453380753173036,4.294406076157884,0.03823794946999537,2.627685759947294
201,1,0.0345923290471104,0.1251916893819016,13.02561574305231,0.0003072590351397286,3.601406437585092
202,1,0.01884942023488694,0.1586119712863357,6.724415443266508,0.00951018944150428,1.441587302213668
203,1,0.1704051372468043,0.1788312243080779,-0.1383960511906253,1,4.98513824129248
204,1,0.01405287509942558,0.09452737260162924,14.02034708332589,0.0001808430995779986,1.781741848975701
205,1,0.03773668628489366,0.03767017759917704,-0.01108759233026291,1,1.595183244654737
206,1,9.555848176237971e-17,0.2135284339429782,-29.34447042864326,1,0.3115028953440883
207,0,0,0,0,1,0
208,0,0,0,0,1,0
209,0,0,0,0,1,0
210,0,0,0,0,1,0
211,0,0,0,0,1,0
212,0,0,0,0,1,0
213,0,0,0,0,1,0
214,0,0,0,0,1,0
215,0,0,0,0,1,0
216,0,0,0,0,1,0
217,1,0.3233054380957208,0.5751163647499011,-23.8495507634305,1,8.735431899665986
218,1,0.08664423775349529,0.23902244886505,15.57101934753308,7.946326959684669e-05,6.623612088478326
219,1,0.01394716692057766,0.1439286864365711,22.38705954323812,2.228706132534342e-06,2.27719735775844
220,1,0.1015630613124424,0.2200193250494789,-1.657106324968737,1,3.379642745217256
221,1,0.2143346054458316,0.3866714869906395,-7.710067040198339,1,6.439946924022586
222,1,4.004733053112191e-17,0.2065921630419003,36.39656828708675,1.609864241913783e-09,3.197470663032356
223,1,0.1507448355992316,0.3365154587654422,-3.892346959405643,1,4.958066174094599
224,1,0.3649919135082409,0.5214403595535153,-5.589586256148777,1,10.65110253571735
225,1,0.4404584719288747,0.530433932986665,0.5990346974800786,0.4389465699555223,13.80717154560773
226,1,6.740639792367023e-18,0.1396503600774281,40.78209956047138,1.701848661994632e-10,4.386273610711801
227,1,9.555848176237971e-17,0.2710098928260627,9.509330525631668,0.002044297327622902,1.154799214456411
228,1,0.0930061003280956,0.2047854033209228,8.311327680462142,0.003939858091161041,4.246036569843355
229,1,0.1156369131591789,0.2685743185265522,1.634853887074541,0.201033000166799,4.186279932091465
230,1,0.1191976118567951,0.4915440905678891,-3.926514880658942,1,4.79052479515636
231,1,0.04462856032208993,0.2282472925177719,30.03690700170441,4.239010087392359e-08,5.026773766371484
232,1,0.08530963659604518,0.3094691686558503,4.830923817087552,0.02795364826010927,3.726505334113871
233,1,0.1435309374975092,0.4734285129630185,1.069009842738353,0.3011692060537889,5.65326353080291
234,1,0.3076489088144999,0.4721291706735771,3.746874265646966,0.0529063608742435,10.54708358114361
235,1,0.1907557834670139,0.4030123692418602,9.278870570197512,0.002318123200961364,8.016393130403278
236,1,0.03420870846730012,0.2688701959932887,28.49352514670676,9.40123575654539e-08,4.070057749564079
237,1,5.114956077737342e-17,0.2389184547165839,36.04378762513221,1.92932902987053e-09,2.22334615500913
238,1,0.3166909717811822,0.5078440917194273,-13.95642297029559,1,8.80279488348374
239,1,0.3389868329833713,0.5752894889314348,2.933466288890827,0.08676102861689161,11.50724678443006
240,1,0.04320060485221581,0.1073494672655025,9.862004313842007,0.001687271871073315,5.688499264721185
241,1,2.731941657024047e-16,0.1649129254522965,10.6170836326574,0.001120476238279489,0.8876961033382537
242,1,0.01699639054659278,0.1372134850081984,11.64720509720067,0.0006429906846527889,1.730103804437464
243,1,0.2597609944838467,0.2909940752782533,-4.631504787369437,1,6.734495484653011
244,1,2.731941657024047e-16,0.2553603260260157,38.90613879257498,4.446800705437681e-10,2.406293326823374
245,0,0,0,0,1,0
246,1,0.1255971195362004,0.3565960496680521,2.059448006493625,0.1512649573069592,4.819214026660417
247,1,6.740639792367023e-18,0.1734600759888927,33.46259201477154,7.264790435890234e-09,2.948770327599638
248,1,0.08096723282579446,0.1190796664377572,2.86904689859017,0.09029833068223603,3.179845719503935
249,1,6.740639792367023e-18,0.06541657108972986,12.73698183746044,0.0003584957438759195,0.9846956727058204
250,1,0.2969818112260185,0.4276445955410463,-42.21703111905856,1,6.943186056698203
251,1,0.02243941310532223,0.2137842049165291,19.23866285867413,1.153533604547619e-05,4.020028152880731
252,1,9.555848176237971e-17,0.1629512283546533,22.76712057574942,1.828677040349724e-06,1.767828108455404
253,1,0.3291355800309007,0.5959519947085776,-37.8760045331162,1,8.442882381236188
254,1,0.062005426376737,0.1739011832889973,17.75364888283448,2.514347806714667e-05,6.264750557633345
255,1,0.0163097977193742,0.3110974540169585,7.605406831788599,0.005819353238430192,1.789628308083113
256,1,0.01998895272857134,0.4074482863684799,19.97184931922953,7.859072094662523e-06,3.003448211500293
257,1,0.1097360249371796,0.3734471243961859,15.65050697619222,7.619215328857898e-05,5.734933883639959
258,1,0.1055580913238769,0.388212847001066,13.79318981804363,0.0002040746279426964,5.363704273928571
259,1,0.08180023929350046,0.3458892388557062,20.42073957842609,6.215257304487132e-06,4.973640808005793
260,1,0.06488141534127696,0.2512231337263764,17.90924812009615,2.316925049117291e-05,4.258926899681227
261,1,9.555848176237971e-17,0.1572203712370942,27.60784952805298,1.485746058405013e-07,2.077418757242346
262,1,9.555848176237971e-17,0.3535313900862617,1.433521549391202,0.2311905785719067,1.300089459851576
263,1,5.114956077737342e-17,0.1108291464982297,22.68374481527054,1.909766271346314e-06,2.923427990668563
264,1,6.740639792367023e-18,0.1093103301030764,16.97941064113262,3.778738115856051e-05,0.9164703280683933
265,1,6.740639792367023e-18,0.03377682948478481,9.6855680364136,0.001857209631205281,0.9039109048126712
266,1,0.1207395715007633,0.2114477730557337,-27.42568374716598,1,2.882174357860074
267,1,0.1262635123828018,0.280062210705693,1.277453737802432,0.2583730070515372,4.470457462318596
268,1,0.1080194953223674,0.4202267257527005,2.246327791506872,0.1339319005954254,4.644546290159535
269,1,6.740639792367023e-18,0.07325540620515474,16.38113877560696,5.179811207745022e-05,3.474946233749404
270,1,0.06319806696571287,0.439955311408511,-68.74658025135966,1,1.968169309648342
271,1,0.01462729373111617,0.2377275891637527,40.26572530780209,2.216639094498873e-10,3.953416883564569
272,1,0.02922347014622082,0.2152957717914963,19.30994039032961,1.111263090747272e-05,2.595811709663429
273,1,0.4336640499738531,0.6140976776694708,-25.39660030667744,1,11.12912328361242
274,1,0.1596504607074462,0.4181234388284975,17.2764716231693,3.231636800671289e-05,8.519802661557977
275,1,0.15756411367443,0.4174029975202401,13.97673333795319,0.0001850869264375943,6.854272212711482
276,1,0.2401790344147278,0.4258232063497143,4.222010501820932,0.03990285356340229,8.629301681533066
277,1,0.05015503343175964,0.1745130486419566,15.12943071514542,0.0001003860528081546,4.602451475403604
278,1,0.2580968629834356,0.448910732896325,-21.19392198265257,1,7.007058859372572
279,1,0.1047770460204945,0.3326553371878281,18.2707419793073,1.916278865077281e-05,5.970891739478146
280,1,0.08672678221647433,0.2854235951908691,13.83774018513594,0.0001992927453232651,4.620428561731892
281,1,9.555848176237971e-17,0.2371401869607828,34.79893447534232,3.655734825969148e-09,2.360229814881908
282,1,0.06783003551067429,0.2371085735430077,9.778276343390473,0.001765857758923239,3.42322276975607
283,1,0.1007281357414586,0.2825111356882312,4.461812667629744,0.03466069790950088,4.132168439331061
284,1,0.02191261862340921,0.5502491855556046,3.534979284799078,0.0600870847266618,2.808531520497744
285,1,6.740639792367023e-18,0.01451243865479897,-5.330508819672964,1,4.550130245869632
286,1,0.04874327514702075,0.2130253466675438,-56.60694328565589,1,1.170798989650647
287,1,4.004733053112191e-17,0.1245179078771144,23.6689891226297,1.144113698448024e-06,1.761552944472109
288,1,0.1427416126272934,0.2888976821116831,-12.54475250424801,1,4.106845289421332
289,1,9.555848176237971e-17,0.2075920781100777,37.82710458355571,7.730027729024869e-10,2.388957795567994
290,1,9.555848176237971e-17,0.2972221811209987,23.25124310668357,1.421585315020124e-06,1.716624064527843
291,1,0.03441512749368661,0.1380477890575589,13.85024217718839,0.0001979712216150231,3.199705582402453
292,1,0.02268552747963655,0.3260128384438165,-7.16634006786407,1,1.630594803453586
293,1,0.1538356520738124,0.356948666154396,6.115595742223775,0.01339942443761022,6.012212591425655
294,1,4.004733053112191e-17,0.1962322916159873,32.66457464418373,1.0951512807722e-08,2.951686190052183
295,1,0.2497953978536862,0.6469703568365668,-42.15114821218526,1,7.007699583215389
296,1,0.1203624876998254,0.2583403855051702,15.79192673826341,7.070355679927864e-05,7.944676006146749
297,1,9.555848176237971e-17,0.2144949977987279,21.9392841178994,2.81413853275847e-06,2.136272860867162
298,1,0.03438530566675178,0.131324729302199,10.29232789214824,0.001335844565920619,2.514973612895789
299,1,0.1434845834082287,0.3468866486777545,-18.83971783798145,1,4.179149111614143
300,1,0.04258856548937377,0.1303655163428126,14.77920600087602,0.0001208609128626748,3.786592324123534
301,1,4.004733053112191e-17,0.06800074275678608,15.78762712508883,7.086441568382451e-05,1.078020821295521
302,1,0.4031113301095501,0.4151828632754975,-22.07366715436342,1,9.252462536141556
303,1,0.3392784918223133,0.5880075071777495,-3.293112830615883,1,10.74729841517214
304,1,0.2941485958062435,0.7054459041284152,6.28853186508212,0.01215216702860633,11.20352663618021
305,1,0.08325679891412187,0.3702743632927192,35.49267422049178,2.560116119099121e-09,7.628310047767435
306,1,0.1303515044840249,0.347358695953066,7.776643006694627,0.005292605725643162,5.871956768172888
307,1,0.2376670998853315,0.4595759769965073,-0.2523042509258175,1,7.995938601657383
308,1,0.2170513917458284,0.3557492228140445,7.152679384384726,0.007485207968324081,8.479460645157648
309,1,0.01446849869129555,0.2621525511562673,37.17714585102448,1.0787061244244e-09,3.253675159858152
310,1,0.03255050090641155,0.3298063872636511,18.05559747426787,2.14546938315241e-05,2.869510137026142
311,1,0.01714316974248333,0.2473791244772246,28.08757266262441,1.159480161883053e-07,3.09680794044869
312,1,4.004733053112191e-17,0.1346338785398712,34.8567219334283,3.548822014032282e-09,2.045631808330632
313,1,9.555848176237971e-17,0.2846007760287722,6.561432616256155,0.01042124351800178,1.113316837069815
314,1,9.555848176237971e-17,0.3878937618875825,23.93283188160819,9.975591126476502e-07,2.353425744190629
315,1,9.555848176237971e-17,0.2901202571142961,45.15873777154798,1.8169354909503e-11,3.207577920113954
316,1,0.03213555887237941,0.2692286542639359,22.52700228632779,2.072103526207236e-06,3.091835990916874
317,1,0.1993663219308799,0.4573385235304112,-7.061961617888016,1,6.524187940212191
318,1,6.740639792367023e-18,0.1590927899083462,40.45022306788145,2.016894429246463e-10,3.781831764850104
319,1,9.555848176237971e-17,0.3371234911005809,6.779361763928648,0.009221785846988406,1.315572897269828
320,1,0.1609559556934135,0.479345197531598,2.946484465006165,0.08606459075335104,6.257586302954081
321,0,0,0,0,1,0
322,1,0.1116184734840347,0.3484308385127012,19.45949445110253,1.027557771149379e-05,6.370046330915919
323,1,0.3086849179694687,0.4809233403748841,-2.749608911803648,1,9.53578457796834
324,1,0.04819263333888772,0.2631601729424286,28.76282389712233,8.180643495947493e-08,5.015781657745043
325,1,0.445477854720361,0.503863880146232,-5.752660870539728,1,11.77960278702766
326,1,0.0157946476803709,0.3299509500402397,46.89606795132198,7.485234654325268e-12,4.507056200558969
327,1,4.004733053112191e-17,0.3479894945517676,40.84500433836558,1.647939562587908e-10,2.728436200983349
328,1,0.1281742720454906,0.3491228717430458,9.497537615549845,0.002057478288297609,5.640742234806383
329,1,0.02198970308768496,0.2672039818345862,20.47552262110884,6.039873633456594e-06,3.361020223281129
330,1,5.840566125974614e-16,0.4226495080331585,19.87883792152377,8.25086204736536e-06,2.209567867573874
331,1,0.1505266773906691,0.3154155758168268,11.01953380448407,0.0009015674246661831,6.739988385141922
332,1,0.1296265389941724,0.318935900075587,8.184570287160739,0.004224818504664718,5.402688935428534
333,1,0.08154393796526646,0.4024419331149416,13.32344982582231,0.0002621075063369283,4.395249394779244
334,1,0.3502007658038636,0.6670550110278691,-8.344227858703391,1,10.877399901682
335,1,0.1695948262247032,0.3343907430189554,14.26737219579715,0.0001585902162195563,9.172095935851507
336,1,0.5714293308566343,0.7058682147738289,-13.34442826778917,1,15.08384690652936
337,1,0.3741420545031984,0.597580233041609,7.738279457131455,0.005406228776263844,13.90261675837033
338,1,0.09396959742785747,0.4126639441000764,22.01546979632286,2.704617503401785e-06,6.967288545594691
339,1,0.01629074858423611,0.2892006942532278,37.14534243920318,1.096443158488114e-09,3.763598875021713
340,1,0.3132899616405906,0.3982525554888292,-2.362507365509771,1,9.145271736706393
341,1,0.04286820589532984,0.1973931370938198,24.51941089454658,7.356497919719374e-07,4.217376585954411
342,1,0.1573695258698766,0.3594855370507397,-6.585541956286249,1,5.024810454429544
343,1,0.3709435400464524,0.4852349434529777,-2.875361357598877,1,10.96935043859626
344,1,0.09794573279682069,0.337343816346735,22.41057241517788,2.201587682493233e-06,6.123997199100086
345,1,0.1210234475263427,0.2523123444557225,8.412504939545812,0.003726488569111619,5.398555538065236
346,1,0.04832116119108319,0.2407580981151976,14.9211076520441,0.0001121016812817288,3.128118352035085
347,1,0.01616984930398015,0.2370616658377303,21.82998944658547,2.979072536324345e-06,2.339465719663208
348,1,9.555848176237971e-17,0.1331364508749938,22.14719795193994,2.525242721040932e-06,1.960314497831265
349,1,0.1670305982112801,0.3112964828628916,-13.46210964070414,1,4.701728349038143
350,1,0.2274798954109922,0.3742469132394124,0.1842202169519851,0.6677712600158726,7.478119705863383
351,1,0.07362583052745557,0.219595113023624,12.94428942749562,0.0003208988794310974,4.681932082428856
352,1,9.555848176237971e-17,0.1628245007122301,29.71211039372625,5.012072756827024e-08,1.815879772007372
353,0,0,0,0,1,0
354,1,9.555848176237971e-17,0.1321907491257155,17.37628516550178,3.066280367647334e-05,1.346431225902238
355,1,0.1436600291338659,0.3663058580901734,-20.56086958491073,1,4.19009262276099
356,1,6.740639792367023e-18,0.1180131041028956,24.24663093731273,8.475520671957781e-07,3.02906284623096
357,1,9.555848176237971e-17,0.2572552079644511,2.735355781436027,0.09814964071390331,0.9758760366820834
358,1,0.0963045305274364,0.2002857582866789,6.676909169438659,0.009766983975143972,4.203402627675075
359,1,9.555848176237971e-17,0.2786249910742994,20.27030363698537,6.723611670200746e-06,1.656206516102259
360,1,0.1389357005745182,0.2773173338914469,4.735874556285296,0.02953982609970995,5.29914361604518
361,1,0.4228491400515328,0.5331409438063489,-10.09301137272047,1,11.40884858698368
362,1,0.02847304204429816,0.1584475737569404,26.02078110621903,3.377620590994113e-07,5.022471521822083
363,1,9.555848176237971e-17,0.1682171976382946,19.87923992617954,8.249127185000482e-06,1.310237464519172
364,1,9.555848176237971e-17,0.1828124322608082,22.92946718036816,1.680557362049306e-06,1.391024610198333
365,1,9.555848176237971e-17,0.2595153886434867,27.16876909065957,1.864462961798097e-07,1.51171578111648
366,1,0.2127821494879503,0.2353587844389131,0.3014638533493894,0.5829661683397652,6.733081101724138
367,1,0.01457193319027448,0.3258581638269197,21.53125496225942,3.481086403689382e-06,2.260370237781642
368,1,0.1678874897919989,0.4144139643027577,3.666219128681234,0.05552600747211289,6.313858732522253
369,1,0.0982691834905503,0.4272419739232673,20.22868732333694,6.871472507885557e-06,5.545335962532819
370,1,0.01671770487772118,0.3349663214444346,38.26473422198322,6.176891220732728e-10,3.893351967666943
371,1,6.740639792367023e-18,0.157548262072043,36.45623865823232,1.561325846388684e-09,2.769909398435614
372,1,0.1862180702772031,0.3332363082970539,-10.27497287015535,1,5.317232526522962
373,1,0.1459108520513588,0.2398190271196538,5.120054864709232,0.02365086888491763,5.901104643241579
374,1,0.01303346431685545,0.193035297263955,27.29335083895623,1.748115121547045e-07,2.264087118041598
375,1,0.2491719464983152,0.481754998925741,-21.42092041898155,1,6.967822769439514
376,1,0.03619979403929893,0.0437660086000039,-6.261229625505408,1,4.764120896317809
377,1,0.01773348904421331,0.3168606937523138,-51.35983939399028,1,0.744203730073788
378,1,6.740639792367023e-18,0.04503598983954979,12.81019136206822,0.0003447363081062749,2.620190023387037
379,1,0.04534145164122107,0.1702449172642625,-16.37440755671437,1,1.349869415258181
380,1,0.01367514919677787,0.2097130503208477,16.7622457010319,4.236794196410543e-05,1.702596909317843
381,1,0.2793540944266618,0.48015876284432,-18.61043206715647,1,7.75639216502695
382,1,0.1116705516235219,0.4890531370101489,19.98951477462589,7.786798220665858e-06,6.377896563965581
383,1,0.2505996777617019,0.3660298811474885,5.639156259446679,0.0175636574962923,9.446437287563423
384,1,0.4030589435913196,0.6012179597167387,-8.441810656239852,1,11.71580099823784
385,1,0.0785959285678587,0.3647362802914117,34.92138315188933,3.432899520205979e-09,6.66594889220362
386,1,0.01557410662037581,0.1703504606388005,27.40374728642674,1.651109827749409e-07,3.351825448050948
387,1,0.1166961247994152,0.1159626693961199,-0.06134603306493602,1,3.924364055760675
388,1,0.2803909817276526,0.3475383348429408,-12.44592265857909,1,7.00350276201585
389,1,0.4037237455705133,0.5076862537823492,-3.464471505384211,1,11.57722197402611
390,1,0.165546594413758,0.4392331362932091,16.5166734742657,4.822413640548362e-05,7.766970473093964
391,1,0.3207716498515091,0.3868424734374868,1.265032381459207,0.260700674634085,10.54721057053435
392,1,0.3935553550612038,0.5371763665424266,-3.605164912018097,1,11.68302942517219
393,1,0.04787783990562906,0.2970921072557002,20.96350567819547,4.681160284403241e-06,5.47416395175865
394,1,0.0809047315094705,0.2673483044489,15.43995675122403,8.516833807203916e-05,4.200838503464409
395,1,0.1393325909160319,0.237988242442366,4.167950303933793,0.04119560814806633,5.214450280055125
396,1,0.1070079328182353,0.1974166499645925,5.366674693080881,0.02052507085633937,4.274820539424496
397,1,0.09421224320040548,0.1115628228793317,1.151820653596062,0.2831683472405813,3.663479686885056
398,1,9.555848176237971e-17,0.3014950227256574,-5.540913625007875,1,0.9225372577067591
399,1,0.08586781159086555,0.3460640066520581,11.66124874935443,0.0006381549079584881,4.344239717621997
400,1,0.01408899004848794,0.2044011505649415,33.37702897106567,7.591536177464775e-09,3.165404669824963
401,1,0.05388799377222904,0.2582401141200584,7.517844592316777,0.006109073491582406,2.851938322678374
402,1,4.004733053112191e-17,0.187213774888976,30.56157096693568,3.234371015459203e-08,2.135443694965294
403,1,0.1506679667334765,0.1924884184705122,0.5419081016283087,0.4616430213885017,4.796164950576114
404,1,0.2748408740543602,0.5306960363076362,-26.6711492263704,1,7.516663324919847
405,0,0,0,0,1,0
406,0,0,0,0,1,0
407,0,0,0,0,1,0
408,0,0,0,0,1,0
409,0,0,0,0,1,0
410,0,0,0,0,1,0
411,0,0,0,0,1,0
412,0,0,0,0,1,0
413,0,0,0,0,1,0
414,0,0,0,0,1,0
415,0,0,0,0,1,0
416,0,0,0,0,1,0
417,0,0,0,0,1,0
418,0,0,0,0,1,0
419,0,0,0,0,1,0
420,0,0,0,0,1,0
421,0,0,0,0,1,0
422,0,0,0,0,1,0
423,0,0,0,0,1,0
424,0,0,0,0,1,0
425,0,0,0,0,1,0
426,0,0,0,0,1,0
427,0,0,0,0,1,0
428,0,0,0,0,1,0
429,0,0,0,0,1,0
430,1,0.3020987328319268,0.3875995880002899,3.520453137169795,0.060615872716689,10.90099221243772
431,1,0.1006393526113783,0.2049614922975123,7.353925625736224,0.006691648482713419,5.374697424400395
432,0,0,0,0,1,0
433,1,0.256652039656556,0.3872717339103549,-8.4532327135027,1,7.227696610130613
434,1,0.1368149720209616,0.4053802485832692,11.81277410049012,0.0005882571793422997,6.151849161951566
435,1,0.1021662784355594,0.2675812514674349,16.84342299143572,4.059376105614021e-05,5.55464657120697
436,1,0.721526416446697,0.9154408415261474,-39.43236191483766,1,17.7671313137244
437,1,0.127849207646147,0.2977662223968889,12.52403721642833,0.000401749862135814,10.32611325856157
438,1,0.1141269189032915,0.3083694044847429,8.708858994957552,0.003166673485775706,4.922606567057216
439,1,0.01475614552012448,0.2483030822535617,30.29433290581676,3.712088914031852e-08,2.868082134092073
440,1,0.02937489210415076,0.1199464667245285,13.92475474646879,0.000190275936016393,2.686527070997996
441,1,0.06493966787624736,0.2905633590025294,-12.55024910823215,1,2.391812743469685
442,1,0.2166137561303244,0.3068412274330392,1.003586732683942,0.3164441772614769,7.072424117476797
443,1,0.02821642467883468,0.2542140416483399,27.99167831602878,1.218382750245439e-07,3.145617847903175
444,1,0.09881865519413227,0.2277340546620079,7.096678736859559,0.007722692358683614,4.232453285022867
445,1,0.4525711493446168,0.5940673739069772,-18.64205936910741,1,11.63957156200622
446,1,0.05213341535158027,0.2451383976452812,28.04163758039886,1.187330712637547e-07,6.036348452351599
447,1,9.555848176237971e-17,0.3442190759907476,27.99517961204199,1.216180254282051e-07,2.027102750590251
448,1,0.02763678024454861,0.2025355104360052,28.98648406302453,7.288506320701771e-08,3.442207615039796
449,1,0.1528705694910452,0.2675661781637424,-0.6358077789253969,1,4.970346745936175
450,1,0.1643637677145594,0.3517562764125097,1.192543088806872,0.2748171847818515,5.755866306500266
451,1,0.0636645185925705,0.3317381619413478,21.5352542489062,3.473834516931618e-06,4.28120922546269
452,1,0.09115578010885465,0.2126164679671676,9.875111171830497,0.001675294743126443,4.708323209201326
453,1,7.664652198985278,27.73790926351052,0.003915681534447657,0.9501046135735695,166.9903775561237
454,1,89.20236002459899,423.3496270929832,-1.190159082398168e-12,1,2152.367744327499
455,0,0,0,0,1,0
456,0,0,0,0,1,0
