Site,dN/dS,LRT,p-value,Total_branch_length
1,0,0,1,0
2,1.495634431945701,-0.1628843132887852,1,40.51164291449376
3,4.073497908658885,0.08856501356543589,0.7660094318712988,99.66870366838579
4,3.410506736218859,-0.5982404231167777,1,100.6221619255846
5,3.008599482282528,-0.6319728329982794,1,121.8492648925758
6,1.242286544796618,-0.02814437186320617,1,39.33754056406881
7,0.2596787789705554,0.6930466523606889,0.4051300305802237,15.60718005529818
8,8.100624632063521,9.487024435017588e-05,0.9922286189477866,179.0450067284633
9,10.39618224935949,-0.3054536929345844,1,384.2476070340041
10,0.1984711670628781,-1.037958272266648,1,7.639680639852997
11,1.054718988555605,1.224649218123201,0.2684501671754971,23.70081108687958
12,0.2712758154581491,1.306017360566649,0.2531170019217576,29.22142286351385
13,1.141603492152194,0.2020514854401725,0.6530700169929575,28.63575075798592
14,0.2842271631315371,-1.490935197778775,1,13.38780833999096
15,2.89687076399926,-0.753721337706942,1,64.57718316034405
16,0,0,1,0
17,1.985752832009056e-14,-0.9373290961935012,1,12.27768253939636
18,0,0,1,0
19,0,0,1,0
20,0,0,1,0
21,0,0,1,0
22,0,0,1,0
23,0,0,1,0
24,0,0,1,0
25,0,0,1,0
26,0,0,1,0
27,15.45714609152828,0.3640566472064624,0.5462618639114304,386.4693913722389
28,13.46832177072694,-0.04533341024126258,1,367.7748086671685
29,0,0,1,0
30,0,0,1,0
31,6.817443435182298e-14,1.306646149216641,0.2530027873044477,52.34212075275687
32,0,0,1,0
33,0,0,1,0
34,0,0,1,0
35,0,0,1,0
36,0.5089019319838877,-1.423987331873459,1,82.30567276480706
37,1.876185876195794,-0.2538814310029771,1,44.15660219007324
38,0.581635853649225,0.3770336671262484,0.5391950585562226,23.67397546827456
39,0.412955244531758,0.5513080681192015,0.4577837103270493,15.85313155513412
40,1.743443063911507,0.189312247515069,0.6634896453517403,43.1695234884363
41,0.1891556951224758,4.139034794319862,0.04190505687372637,15.45152050444928
42,4.025291762220253,-0.08526856951897344,1,90.75259740584116
43,0.1850920575510341,3.746458238057393,0.0529195322596,24.15489446445259
44,17.36688975363146,1.057744995955815,0.3037300631376304,382.0068157378217
45,1.777104004450051,-0.5015854921917651,1,113.5766071692594
46,0.6989837732371857,0.04502108134920491,0.8319652691509809,30.12627536222551
47,1.369372984271616,0.07039487482154527,0.790762708402212,35.95749139938197
48,0,0,1,0
49,0,0,1,0
50,2.092844130076137,0.06926683535433398,0.7924072725386695,55.05070454745225
51,0.161123622380015,-4.887296984712748,1,18.90645756723491
52,4.067587512294755,-1.036521027163175,1,88.70521938372832
53,1.281831115731691,-0.08230778660100668,1,38.17284935424129
54,0.6197168559593208,0.1912793129851593,0.6618539826534393,21.71239537942159
55,0.7801117020093011,0.01031607311937677,0.919099523721789,26.11491440673596
56,1.584359904929272,-0.3721969658615834,1,40.8667681231406
57,1.253552866941788,-0.4751715589325318,1,39.91821602441431
58,0.5573865064196537,0.003518734213042052,0.9526980920541882,17.18931045697867
59,0,0,1,0
60,534.4420843286931,-2.028599510595086e-12,1,11526.05494410888
61,0,0,1,0
62,1.315441526615936,-1.160477538164077,1,3501.947149286228
63,1.724499852068171,-0.006356671769292888,1,48.90339718432337
64,1.366555068938056,-0.1355941886984482,1,43.7917792073732
65,2.921709018245646,0.005807579669685481,0.9392540335885475,90.49870513675734
66,0.3872199275983915,2.359314693942189,0.1245368879590015,34.4097409878595
67,13.37959597920014,0.6358096297660438,0.425232276924671,309.1124808047561
68,2.25174687413551,-0.9211921861439372,1,104.1675953722182
69,3.361502443258261,-0.01020090936369655,1,85.51395090697082
70,4.004733053112191e-17,5.466100872953506,0.01938883605235919,23.53888653926878
71,22.5691183597854,-0.2403386012215911,1,487.3921113915194
72,0,0,1,0
73,0.7652139638731588,-0.4909730518821362,1,29.94361942339982
74,0,0,1,0
75,0,0,1,0
76,0,0,1,0
77,0,0,1,0
78,0,0,1,0
79,0,0,1,0
80,27.20051033853224,-0.2198124005439617,1,591.0147571077363
81,2.058488592123392,0.005575382298644627,0.9404784848660854,59.94919923739744
82,0.2420772458259287,1.4870845829629,0.2226693548330825,21.30212594046231
83,0.3147281333912734,-0.1948496042658192,1,19.45181307710319
84,1.83090831562961,-1.996291946717349,1,43.085120175897
85,0.2338754242420682,-0.2044959975328595,1,16.25375165953637
86,0.3848302483581676,-2.913247794984102,1,10.49280574762171
87,0.5124497210165374,-2.542596669931498,1,14.69219773675279
88,0.3892876197537053,4.47797590270352,0.03433436084260744,13.46581375336885
89,0.4869652629653557,1.672704415102658,0.1958966916603869,16.20127485589909
90,0.4204743880591442,0.9233175257888888,0.336605403475555,13.72182137870927
91,0.3324986758272088,2.247830350179697,0.1338018880284992,11.04616466525326
92,0.3385554617544983,0.833447014190881,0.3612776790654761,10.90799938804479
93,0.3867432903765354,-4.241798705940766,1,11.58455268479152
94,9.555848176237971e-17,28.09706401922011,1.153807647202854e-07,4.653864019082014
95,0.2742645688972378,-7.755815260770731,1,7.326491928324015
96,0.04409008719007058,25.19543738463614,5.180461075671161e-07,3.854066602899986
97,0.03211061948829193,16.81172278918743,4.127752385418848e-05,2.713728551335069
98,0.1169475296907617,0.5785027235016287,0.4468998047058734,4.099118840776526
99,0.02912615960039369,4.708885321253462,0.03000710216712388,2.635176552772231
100,0.04956011229273573,0.1606133968182633,0.6885924041864577,1.570967845330713
101,5.114956077737342e-17,-9.49126290521383,1,0.4711747191330516
102,0.0808117390343143,-2.323249386953194,1,3.315786015538011
103,0.2946973156549257,-0.693908158722877,1,9.105951261824698
104,2.509897052099161e-16,39.98047645624155,2.565139212151735e-10,3.30978482427219
105,9.555848176237971e-17,19.95188636031438,7.941556502744085e-06,1.924464399269599
106,3.17603086687411e-16,26.27139114635989,2.966507044455113e-07,1.809813869409125
107,9.555848176237971e-17,32.88920753508538,9.756339514055412e-09,2.019913740776296
108,0,0,1,0
109,0.01444735492519996,22.37989992238788,2.237030009899499e-06,2.494128748835003
110,2.731941657024047e-16,22.33560457480712,2.289226297969016e-06,1.153667827525685
111,0.3474273022823877,-11.48301290974058,1,8.856206606976603
112,0.1138218336381705,9.788018726229495,0.001756526226022181,5.989485265782007
113,9.555848176237971e-17,25.54288968771989,4.326575058222204e-07,1.885855734956106
114,0.08564127622203754,2.097815798183547,0.147509726942468,3.137859689658375
115,0.03618872376025099,-8.253212391224992,1,1.971493032484321
116,0.04389140480817751,20.94722813827764,4.721104363669681e-06,3.798665392148203
117,0.217303343802973,-9.274022596389159,1,6.267994533737529
118,0.0504620301307593,24.39849365485836,7.832991708589532e-07,4.198480148446111
119,0.1759156582674053,0.5812958724466739,0.4458048281803738,6.320294075632229
120,0.441109443286378,-9.611673366468722,1,13.00350471747522
121,0.253753090649564,17.39486292384277,3.036455317817488e-05,11.40636822876806
122,0.03429881550836369,33.85276660427184,5.944449932293594e-09,5.577952100579983
123,9.555848176237971e-17,7.638036521275524,0.00571500936371383,2.234498370597999
124,0.2518940837009688,7.961570500924211,0.004778093708868614,10.06298915438753
125,0.3171290134210979,-0.7608059387026742,1,10.04618179731168
126,0.0166416328728928,35.32732323349359,2.786946562416404e-09,4.344254470994536
127,0.01794614659581431,18.32503384189074,1.862436595012618e-05,2.335046481857506
128,0.08891323795871296,2.246951473552258,0.1338779178452257,3.594002358233186
129,4.004733053112191e-17,24.63897675755388,6.913909972317001e-07,2.295943249859772
130,0.1438879101709347,-29.62410979318236,1,3.906685350252526
131,4.004733053112191e-17,34.38947464118863,4.511564899445375e-09,2.924855181568059
132,9.555848176237971e-17,19.51848155638243,9.96310649925558e-06,1.249842941783242
133,9.555848176237971e-17,7.988393843952849,0.004707816102968998,0.8797830351774806
134,0.3034389709659508,-18.44510008627162,1,8.127933420776246
135,0.2883615705422319,3.46954829590095,0.06250837785066643,10.16640616510129
136,9.555848176237971e-17,42.29467707710052,7.850597949499161e-11,3.286469668383633
137,0.126942363611157,10.12840379707202,0.001460017887858878,5.51783036082381
138,0.0272751518956571,30.64025578315304,3.105824641913557e-08,3.191736305609829
139,0.01609605935395311,22.60729268439184,1.987288373084262e-06,2.616654779432948
140,0.8384448106289389,-63.27831181739168,1,19.52941219075507
141,0.01627710029573816,37.38280397958894,9.707427084393316e-10,9.011358957882077
142,0.09692050252806513,-18.39361539205566,1,3.589669906463266
143,0.01707294016240763,36.29280358577367,1.697896601093873e-09,4.142416172503936
144,0.1718157388147862,2.05011527567018,0.152194665933767,5.952900439326075
145,0.08613237773828532,12.36254668502519,0.000438032778585784,4.395748969306076
146,0.1830417419027664,-0.8267733630451346,1,6.352503836814392
147,0.2034239365151517,2.025892812537109,0.1546380181130631,7.744652769688592
148,0.0531224419586644,12.03899167444513,0.0005209914655276426,3.221524155037318
149,0.5653418070243575,-30.4860639616814,1,14.73268981569452
150,0.3655703777197495,11.06282255225204,0.0008807596218881608,15.02203435388234
151,0.1230281415567421,20.56124303484179,5.775359270931979e-06,7.918779518807414
152,0.4700085049385928,-28.06518530260479,1,12.94808200271109
153,0.3902238459547587,-4.82739651507535,1,15.30375296706825
154,0,0,1,0
155,0,0,1,0
156,0,0,1,0
157,0,0,1,0
158,0,0,1,0
159,0.0618054162641837,1.682101252272332,0.1946454794171391,4.570637712551171
160,0.7381406274585822,-78.9909480021463,1,16.65701408342621
161,0.3598926624423098,4.769843204082633,0.02896246332107821,14.84555366816308
162,0.5024757762407723,-2.084107934015037,1,14.99093445069176
163,0.01755590575841659,44.53079981226179,2.503874885206869e-11,5.626587255118691
164,0.01589417429768309,19.500337225447,1.005819241539641e-05,3.071561608003522
165,0.1323985792822268,-22.22571215781662,1,3.847795809821874
166,0.2206322042792244,2.966769236485277,0.0849914360749151,7.817726347209401
167,0.0283752353112309,19.39465846961686,1.063039723103731e-05,3.714912253140413
168,0.07213239028042101,-0.3366651370490388,1,2.616377824828364
169,0.03065690994187972,6.319539202262774,0.01194146566501308,2.224065997329412
170,0.03508303610433882,23.46849001929669,1.269764657640948e-06,3.448774892207173
171,0.01455190306472415,19.46050209464845,1.027015819343724e-05,2.661778613491635
172,0.03605945697373074,-11.89780413295105,1,1.699115487701131
173,0,0,1,0
174,4.42106668734662e-17,33.96647133522629,5.607000197471734e-09,2.413721345356325
175,0.07611220189254735,-7.625878002691877,1,2.788537851523979
176,0.334493920112728,-7.86133243221127,1,9.553085529865777
177,4.004733053112191e-17,34.76654097817644,3.717070873321404e-09,4.117856074198997
178,0.04368319080585525,3.702662757644589,0.05432570612172072,1.956052903078907
179,0.04971062935776781,-11.28137124967373,1,2.39954820388974
180,0.2045165488994899,3.742115942211967,0.05305721624949999,7.599491638695805
181,0.01510548516341041,27.5817201531504,1.505952856861725e-07,2.69370146780388
182,9.555848176237971e-17,22.47945988783545,2.124027194239098e-06,1.801463603597824
183,6.740639792367023e-18,20.13621058623725,7.211830013509335e-06,1.38040759758107
184,0.1194313708363584,-9.045793350939789,1,4.064292369240202
185,0.1595610930002082,4.336153890190644,0.03731111754784155,6.382744913653387
186,0.1902472299300999,9.817227673137381,0.001728847442683312,8.116315693817015
187,0.1565691466027309,7.789610781585708,0.005254751450362583,7.024466684677781
188,0.07780510437286338,6.610887406785494,0.01013571400265934,4.25402409243102
189,0.1279816613962588,-41.29073369803416,1,3.908014747138274
190,0.02330503844677201,19.47207252403334,1.020813300833812e-05,4.532418954357243
191,0.4200451010105256,-8.182535607538341,1,10.86401819016858
192,0.1049961862792075,12.50471303019157,0.0004059266907655568,6.185442621378759
193,0.07709224415140412,-1.090401677110037,1,3.376274962219802
194,0.2306675325755916,0.5517113741262563,0.4576192696081044,7.839072359921189
195,0.0683866295907365,11.91579306927935,0.0005566003667294428,5.209937502503297
196,0.2589498561766577,-2.637743799277814,1,7.50850697593234
197,0.05230803474028094,12.22975035144552,0.0004703349121866207,3.927168631000558
198,0.02283117532742692,6.135395116743581,0.01325019345839618,1.766158996039991
199,9.555848176237971e-17,28.50924788458474,9.325201555387963e-08,1.741020255290021
200,0.04134862603804105,4.294406076157884,0.03823794946999537,2.627685759947294
201,0.0345923290471104,13.02561574305231,0.0003072590351397286,3.601406437585092
202,0.01884942023488694,6.724415443266508,0.00951018944150428,1.441587302213668
203,0.1704051372468043,-0.1383960511906253,1,4.98513824129248
204,0.01405287509942558,14.02034708332589,0.0001808430995779986,1.781741848975701
205,0.03773668628489366,-0.01108759233026291,1,1.595183244654737
206,9.555848176237971e-17,-29.34447042864326,1,0.3115028953440883
207,0,0,1,0
208,0,0,1,0
209,0,0,1,0
210,0,0,1,0
211,0,0,1,0
212,0,0,1,0
213,0,0,1,0
214,0,0,1,0
215,0,0,1,0
216,0,0,1,0
217,0.3233054380957208,-23.8495507634305,1,8.735431899665986
218,0.08664423775349529,15.57101934753308,7.946326959684669e-05,6.623612088478326
219,0.01394716692057766,22.38705954323812,2.228706132534342e-06,2.27719735775844
220,0.1015630613124424,-1.657106324968737,1,3.379642745217256
221,0.2143346054458316,-7.710067040198339,1,6.439946924022586
222,4.004733053112191e-17,36.39656828708675,1.609864241913783e-09,3.197470663032356
223,0.1507448355992316,-3.892346959405643,1,4.958066174094599
224,0.3649919135082409,-5.589586256148777,1,10.65110253571735
225,0.4404584719288747,0.5990346974800786,0.4389465699555223,13.80717154560773
226,6.740639792367023e-18,40.78209956047138,1.701848661994632e-10,4.386273610711801
227,9.555848176237971e-17,9.509330525631668,0.002044297327622902,1.154799214456411
228,0.0930061003280956,8.311327680462142,0.003939858091161041,4.246036569843355
229,0.1156369131591789,1.634853887074541,0.201033000166799,4.186279932091465
230,0.1191976118567951,-3.926514880658942,1,4.79052479515636
231,0.04462856032208993,30.03690700170441,4.239010087392359e-08,5.026773766371484
232,0.08530963659604518,4.830923817087552,0.02795364826010927,3.726505334113871
233,0.1435309374975092,1.069009842738353,0.3011692060537889,5.65326353080291
234,0.3076489088144999,3.746874265646966,0.0529063608742435,10.54708358114361
235,0.1907557834670139,9.278870570197512,0.002318123200961364,8.016393130403278
236,0.03420870846730012,28.49352514670676,9.40123575654539e-08,4.070057749564079
237,5.114956077737342e-17,36.04378762513221,1.92932902987053e-09,2.22334615500913
238,0.3166909717811822,-13.95642297029559,1,8.80279488348374
239,0.3389868329833713,2.933466288890827,0.08676102861689161,11.50724678443006
240,0.04320060485221581,9.862004313842007,0.001687271871073315,5.688499264721185
241,2.731941657024047e-16,10.6170836326574,0.001120476238279489,0.8876961033382537
242,0.01699639054659278,11.64720509720067,0.0006429906846527889,1.730103804437464
243,0.2597609944838467,-4.631504787369437,1,6.734495484653011
244,2.731941657024047e-16,38.90613879257498,4.446800705437681e-10,2.406293326823374
245,0,0,1,0
246,0.1255971195362004,2.059448006493625,0.1512649573069592,4.819214026660417
247,6.740639792367023e-18,33.46259201477154,7.264790435890234e-09,2.948770327599638
248,0.08096723282579446,2.86904689859017,0.09029833068223603,3.179845719503935
249,6.740639792367023e-18,12.73698183746044,0.0003584957438759195,0.9846956727058204
250,0.2969818112260185,-42.21703111905856,1,6.943186056698203
251,0.02243941310532223,19.23866285867413,1.153533604547619e-05,4.020028152880731
252,9.555848176237971e-17,22.76712057574942,1.828677040349724e-06,1.767828108455404
253,0.3291355800309007,-37.8760045331162,1,8.442882381236188
254,0.062005426376737,17.75364888283448,2.514347806714667e-05,6.264750557633345
255,0.0163097977193742,7.605406831788599,0.005819353238430192,1.789628308083113
256,0.01998895272857134,19.97184931922953,7.859072094662523e-06,3.003448211500293
257,0.1097360249371796,15.65050697619222,7.619215328857898e-05,5.734933883639959
258,0.1055580913238769,13.79318981804363,0.0002040746279426964,5.363704273928571
259,0.08180023929350046,20.42073957842609,6.215257304487132e-06,4.973640808005793
260,0.06488141534127696,17.90924812009615,2.316925049117291e-05,4.258926899681227
261,9.555848176237971e-17,27.60784952805298,1.485746058405013e-07,2.077418757242346
262,9.555848176237971e-17,1.433521549391202,0.2311905785719067,1.300089459851576
263,5.114956077737342e-17,22.68374481527054,1.909766271346314e-06,2.923427990668563
264,6.740639792367023e-18,16.97941064113262,3.778738115856051e-05,0.9164703280683933
265,6.740639792367023e-18,9.6855680364136,0.001857209631205281,0.9039109048126712
266,0.1207395715007633,-27.42568374716598,1,2.882174357860074
267,0.1262635123828018,1.277453737802432,0.2583730070515372,4.470457462318596
268,0.1080194953223674,2.246327791506872,0.1339319005954254,4.644546290159535
269,6.740639792367023e-18,16.38113877560696,5.179811207745022e-05,3.474946233749404
270,0.06319806696571287,-68.74658025135966,1,1.968169309648342
271,0.01462729373111617,40.26572530780209,2.216639094498873e-10,3.953416883564569
272,0.02922347014622082,19.30994039032961,1.111263090747272e-05,2.595811709663429
273,0.4336640499738531,-25.39660030667744,1,11.12912328361242
274,0.1596504607074462,17.2764716231693,3.231636800671289e-05,8.519802661557977
275,0.15756411367443,13.97673333795319,0.0001850869264375943,6.854272212711482
276,0.2401790344147278,4.222010501820932,0.03990285356340229,8.629301681533066
277,0.05015503343175964,15.12943071514542,0.0001003860528081546,4.602451475403604
278,0.2580968629834356,-21.19392198265257,1,7.007058859372572
279,0.1047770460204945,18.2707419793073,1.916278865077281e-05,5.970891739478146
280,0.08672678221647433,13.83774018513594,0.0001992927453232651,4.620428561731892
281,9.555848176237971e-17,34.79893447534232,3.655734825969148e-09,2.360229814881908
282,0.06783003551067429,9.778276343390473,0.001765857758923239,3.42322276975607
283,0.1007281357414586,4.461812667629744,0.03466069790950088,4.132168439331061
284,0.02191261862340921,3.534979284799078,0.0600870847266618,2.808531520497744
285,6.740639792367023e-18,-5.330508819672964,1,4.550130245869632
286,0.04874327514702075,-56.60694328565589,1,1.170798989650647
287,4.004733053112191e-17,23.6689891226297,1.144113698448024e-06,1.761552944472109
288,0.1427416126272934,-12.54475250424801,1,4.106845289421332
289,9.555848176237971e-17,37.82710458355571,7.730027729024869e-10,2.388957795567994
290,9.555848176237971e-17,23.25124310668357,1.421585315020124e-06,1.716624064527843
291,0.03441512749368661,13.85024217718839,0.0001979712216150231,3.199705582402453
292,0.02268552747963655,-7.16634006786407,1,1.630594803453586
293,0.1538356520738124,6.115595742223775,0.01339942443761022,6.012212591425655
294,4.004733053112191e-17,32.66457464418373,1.0951512807722e-08,2.951686190052183
295,0.2497953978536862,-42.15114821218526,1,7.007699583215389
296,0.1203624876998254,15.79192673826341,7.070355679927864e-05,7.944676006146749
297,9.555848176237971e-17,21.9392841178994,2.81413853275847e-06,2.136272860867162
298,0.03438530566675178,10.29232789214824,0.001335844565920619,2.514973612895789
299,0.1434845834082287,-18.83971783798145,1,4.179149111614143
300,0.04258856548937377,14.77920600087602,0.0001208609128626748,3.786592324123534
301,4.004733053112191e-17,15.78762712508883,7.086441568382451e-05,1.078020821295521
302,0.4031113301095501,-22.07366715436342,1,9.252462536141556
303,0.3392784918223133,-3.293112830615883,1,10.74729841517214
304,0.2941485958062435,6.28853186508212,0.01215216702860633,11.20352663618021
305,0.08325679891412187,35.49267422049178,2.560116119099121e-09,7.628310047767435
306,0.1303515044840249,7.776643006694627,0.005292605725643162,5.871956768172888
307,0.2376670998853315,-0.2523042509258175,1,7.995938601657383
308,0.2170513917458284,7.152679384384726,0.007485207968324081,8.479460645157648
309,0.01446849869129555,37.17714585102448,1.0787061244244e-09,3.253675159858152
310,0.03255050090641155,18.05559747426787,2.14546938315241e-05,2.869510137026142
311,0.01714316974248333,28.08757266262441,1.159480161883053e-07,3.09680794044869
312,4.004733053112191e-17,34.8567219334283,3.548822014032282e-09,2.045631808330632
313,9.555848176237971e-17,6.561432616256155,0.01042124351800178,1.113316837069815
314,9.555848176237971e-17,23.93283188160819,9.975591126476502e-07,2.353425744190629
315,9.555848176237971e-17,45.15873777154798,1.8169354909503e-11,3.207577920113954
316,0.03213555887237941,22.52700228632779,2.072103526207236e-06,3.091835990916874
317,0.1993663219308799,-7.061961617888016,1,6.524187940212191
318,6.740639792367023e-18,40.45022306788145,2.016894429246463e-10,3.781831764850104
319,9.555848176237971e-17,6.779361763928648,0.009221785846988406,1.315572897269828
320,0.1609559556934135,2.946484465006165,0.08606459075335104,6.257586302954081
321,0,0,1,0
322,0.1116184734840347,19.45949445110253,1.027557771149379e-05,6.370046330915919
323,0.3086849179694687,-2.749608911803648,1,9.53578457796834
324,0.04819263333888772,28.76282389712233,8.180643495947493e-08,5.015781657745043
325,0.445477854720361,-5.752660870539728,1,11.77960278702766
326,0.0157946476803709,46.89606795132198,7.485234654325268e-12,4.507056200558969
327,4.004733053112191e-17,40.84500433836558,1.647939562587908e-10,2.728436200983349
328,0.1281742720454906,9.497537615549845,0.002057478288297609,5.640742234806383
329,0.02198970308768496,20.47552262110884,6.039873633456594e-06,3.361020223281129
330,5.840566125974614e-16,19.87883792152377,8.25086204736536e-06,2.209567867573874
331,0.1505266773906691,11.01953380448407,0.0009015674246661831,6.739988385141922
332,0.1296265389941724,8.184570287160739,0.004224818504664718,5.402688935428534
333,0.08154393796526646,13.32344982582231,0.0002621075063369283,4.395249394779244
334,0.3502007658038636,-8.344227858703391,1,10.877399901682
335,0.1695948262247032,14.26737219579715,0.0001585902162195563,9.172095935851507
336,0.5714293308566343,-13.34442826778917,1,15.08384690652936
337,0.3741420545031984,7.738279457131455,0.005406228776263844,13.90261675837033
338,0.09396959742785747,22.01546979632286,2.704617503401785e-06,6.967288545594691
339,0.01629074858423611,37.14534243920318,1.096443158488114e-09,3.763598875021713
340,0.3132899616405906,-2.362507365509771,1,9.145271736706393
341,0.04286820589532984,24.51941089454658,7.356497919719374e-07,4.217376585954411
342,0.1573695258698766,-6.585541956286249,1,5.024810454429544
343,0.3709435400464524,-2.875361357598877,1,10.96935043859626
344,0.09794573279682069,22.41057241517788,2.201587682493233e-06,6.123997199100086
345,0.1210234475263427,8.412504939545812,0.003726488569111619,5.398555538065236
346,0.04832116119108319,14.9211076520441,0.0001121016812817288,3.128118352035085
347,0.01616984930398015,21.82998944658547,2.979072536324345e-06,2.339465719663208
348,9.555848176237971e-17,22.14719795193994,2.525242721040932e-06,1.960314497831265
349,0.1670305982112801,-13.46210964070414,1,4.701728349038143
350,0.2274798954109922,0.1842202169519851,0.6677712600158726,7.478119705863383
351,0.07362583052745557,12.94428942749562,0.0003208988794310974,4.681932082428856
352,9.555848176237971e-17,29.71211039372625,5.012072756827024e-08,1.815879772007372
353,0,0,1,0
354,9.555848176237971e-17,17.37628516550178,3.066280367647334e-05,1.346431225902238
355,0.1436600291338659,-20.56086958491073,1,4.19009262276099
356,6.740639792367023e-18,24.24663093731273,8.475520671957781e-07,3.02906284623096
357,9.555848176237971e-17,2.735355781436027,0.09814964071390331,0.9758760366820834
358,0.0963045305274364,6.676909169438659,0.009766983975143972,4.203402627675075
359,9.555848176237971e-17,20.27030363698537,6.723611670200746e-06,1.656206516102259
360,0.1389357005745182,4.735874556285296,0.02953982609970995,5.29914361604518
361,0.4228491400515328,-10.09301137272047,1,11.40884858698368
362,0.02847304204429816,26.02078110621903,3.377620590994113e-07,5.022471521822083
363,9.555848176237971e-17,19.87923992617954,8.249127185000482e-06,1.310237464519172
364,9.555848176237971e-17,22.92946718036816,1.680557362049306e-06,1.391024610198333
365,9.555848176237971e-17,27.16876909065957,1.864462961798097e-07,1.51171578111648
366,0.2127821494879503,0.3014638533493894,0.5829661683397652,6.733081101724138
367,0.01457193319027448,21.53125496225942,3.481086403689382e-06,2.260370237781642
368,0.1678874897919989,3.666219128681234,0.05552600747211289,6.313858732522253
369,0.0982691834905503,20.22868732333694,6.871472507885557e-06,5.545335962532819
370,0.01671770487772118,38.26473422198322,6.176891220732728e-10,3.893351967666943
371,6.740639792367023e-18,36.45623865823232,1.561325846388684e-09,2.769909398435614
372,0.1862180702772031,-10.27497287015535,1,5.317232526522962
373,0.1459108520513588,5.120054864709232,0.02365086888491763,5.901104643241579
374,0.01303346431685545,27.29335083895623,1.748115121547045e-07,2.264087118041598
375,0.2491719464983152,-21.42092041898155,1,6.967822769439514
376,0.03619979403929893,-6.261229625505408,1,4.764120896317809
377,0.01773348904421331,-51.35983939399028,1,0.744203730073788
378,6.740639792367023e-18,12.81019136206822,0.0003447363081062749,2.620190023387037
379,0.04534145164122107,-16.37440755671437,1,1.349869415258181
380,0.01367514919677787,16.7622457010319,4.236794196410543e-05,1.702596909317843
381,0.2793540944266618,-18.61043206715647,1,7.75639216502695
382,0.1116705516235219,19.98951477462589,7.786798220665858e-06,6.377896563965581
383,0.2505996777617019,5.639156259446679,0.0175636574962923,9.446437287563423
384,0.4030589435913196,-8.441810656239852,1,11.71580099823784
385,0.0785959285678587,34.92138315188933,3.432899520205979e-09,6.66594889220362
386,0.01557410662037581,27.40374728642674,1.651109827749409e-07,3.351825448050948
387,0.1166961247994152,-0.06134603306493602,1,3.924364055760675
388,0.2803909817276526,-12.44592265857909,1,7.00350276201585
389,0.4037237455705133,-3.464471505384211,1,11.57722197402611
390,0.165546594413758,16.5166734742657,4.822413640548362e-05,7.766970473093964
391,0.3207716498515091,1.265032381459207,0.260700674634085,10.54721057053435
392,0.3935553550612038,-3.605164912018097,1,11.68302942517219
393,0.04787783990562906,20.96350567819547,4.681160284403241e-06,5.47416395175865
394,0.0809047315094705,15.43995675122403,8.516833807203916e-05,4.200838503464409
395,0.1393325909160319,4.167950303933793,0.04119560814806633,5.214450280055125
396,0.1070079328182353,5.366674693080881,0.02052507085633937,4.274820539424496
397,0.09421224320040548,1.151820653596062,0.2831683472405813,3.663479686885056
398,9.555848176237971e-17,-5.540913625007875,1,0.9225372577067591
399,0.08586781159086555,11.66124874935443,0.0006381549079584881,4.344239717621997
400,0.01408899004848794,33.37702897106567,7.591536177464775e-09,3.165404669824963
401,0.05388799377222904,7.517844592316777,0.006109073491582406,2.851938322678374
402,4.004733053112191e-17,30.56157096693568,3.234371015459203e-08,2.135443694965294
403,0.1506679667334765,0.5419081016283087,0.4616430213885017,4.796164950576114
404,0.2748408740543602,-26.6711492263704,1,7.516663324919847
405,0,0,1,0
406,0,0,1,0
407,0,0,1,0
408,0,0,1,0
409,0,0,1,0
410,0,0,1,0
411,0,0,1,0
412,0,0,1,0
413,0,0,1,0
414,0,0,1,0
415,0,0,1,0
416,0,0,1,0
417,0,0,1,0
418,0,0,1,0
419,0,0,1,0
420,0,0,1,0
421,0,0,1,0
422,0,0,1,0
423,0,0,1,0
424,0,0,1,0
425,0,0,1,0
426,0,0,1,0
427,0,0,1,0
428,0,0,1,0
429,0,0,1,0
430,0.3020987328319268,3.520453137169795,0.060615872716689,10.90099221243772
431,0.1006393526113783,7.353925625736224,0.006691648482713419,5.374697424400395
432,0,0,1,0
433,0.256652039656556,-8.4532327135027,1,7.227696610130613
434,0.1368149720209616,11.81277410049012,0.0005882571793422997,6.151849161951566
435,0.1021662784355594,16.84342299143572,4.059376105614021e-05,5.55464657120697
436,0.721526416446697,-39.43236191483766,1,17.7671313137244
437,0.127849207646147,12.52403721642833,0.000401749862135814,10.32611325856157
438,0.1141269189032915,8.708858994957552,0.003166673485775706,4.922606567057216
439,0.01475614552012448,30.29433290581676,3.712088914031852e-08,2.868082134092073
440,0.02937489210415076,13.92475474646879,0.000190275936016393,2.686527070997996
441,0.06493966787624736,-12.55024910823215,1,2.391812743469685
442,0.2166137561303244,1.003586732683942,0.3164441772614769,7.072424117476797
443,0.02821642467883468,27.99167831602878,1.218382750245439e-07,3.145617847903175
444,0.09881865519413227,7.096678736859559,0.007722692358683614,4.232453285022867
445,0.4525711493446168,-18.64205936910741,1,11.63957156200622
446,0.05213341535158027,28.04163758039886,1.187330712637547e-07,6.036348452351599
447,9.555848176237971e-17,27.99517961204199,1.216180254282051e-07,2.027102750590251
448,0.02763678024454861,28.98648406302453,7.288506320701771e-08,3.442207615039796
449,0.1528705694910452,-0.6358077789253969,1,4.970346745936175
450,0.1643637677145594,1.192543088806872,0.2748171847818515,5.755866306500266
451,0.0636645185925705,21.5352542489062,3.473834516931618e-06,4.28120922546269
452,0.09115578010885465,9.875111171830497,0.001675294743126443,4.708323209201326
453,7.664652198985278,0.003915681534447657,0.9501046135735695,166.9903775561237
454,89.20236002459899,-1.190159082398168e-12,1,2152.367744327499
455,0,0,1,0
456,0,0,1,0
